id,rank,title,image,price,sales,category,shop,commission,commission_rate,affiliate_url,collected_at
1730769965814548027,1,UNIQSOO Tas Serut Sepatu Anti Kuning Pouch Travel Multifungsi Shoes Bag Penyimpanan Cover,https://p16-oec-va.ibyteimg.com/tos-maliva-i-o3syd03w52-us/f5eed3f5b0de4601892552cb2930ad35~tplv-o3syd03w52-resize-jpeg:800:800.jpeg?dr=15584&t=555f072d&ps=933b5bde&shp=2408c917&shcp=f4c72237&idc=my2&from=604555543,Rp690,436.2K,fashion,uniqsoo,Rp69,10%,https://shop-id.tokopedia.com/view/product/1730769965814548027?region=ID&locale=en&source=agency,2026-10-01T05:00:54+00:00
1737157204719797891,2,MLAN Bulu Mata Palsu C Curl Natural Bold Serat Kapas Hitam Pekat 14 Model Lengkap Lentik,https://p16-oec-sg.ibyteimg.com/tos-alisg-i-aphluv4xwc-sg/7ded34819223462ca9d0d3e67380e0fb~tplv-aphluv4xwc-resize-jpeg:800:800.jpeg?dr=15584&t=555f072d&ps=933b5bde&shp=2408c917&shcp=f4c72237&idc=my2&from=604555543,Rp10.999,430.1K,beauty,MLAN Lash Studio,Rp660,6%,https://shop-id.tokopedia.com/view/product/1737157204719797891?region=ID&locale=en&source=agency,2026-10-01T05:00:54+00:00
1735363068661957933,3,Liora Perfect Glowing Powder Foundation 15g I 2in1 Foundation + Setting Powder Long Lasting,https://p16-oec-sg.ibyteimg.com/tos-alisg-i-aphluv4xwc-sg/5f7480df3403405abda653379c4cf2b5~tplv-aphluv4xwc-resize-jpeg:800:800.jpeg?dr=15584&t=555f072d&ps=933b5bde&shp=2408c917&shcp=f4c72237&idc=my2&from=604555543,Rp26.400,288.7K,beauty,liora beauty,Rp2.640,10%,https://shop-id.tokopedia.com/view/product/1735363068661957933?region=ID&locale=en&source=agency,2026-10-01T05:00:54+00:00
1729382420060341472,4,MAYBELLINE Superstay Matte Ink Liquid Long Lasting Waterproof Matte Lipstick Lipcream Make,https://p16-oec-sg.ibyteimg.com/tos-alisg-i-aphluv4xwc-sg/f5b7baac3b6a41bd8db79b6dc37c3d5d~tplv-aphluv4xwc-resize-jpeg:800:800.jpeg?dr=15584&t=555f072d&ps=933b5bde&shp=2408c917&shcp=f4c72237&idc=my2&from=604555543,Rp86.358,270.8K,beauty,Maybelline Indonesia,Rp7.772,9%,https://shop-id.tokopedia.com/view/product/1729382420060341472?region=ID&locale=en&source=agency,2026-10-01T05:00:54+00:00
1729678876513437868,5,Moicare Brightening Underarm Pencerah Ketiak With Niacinamide & Collagen Mencerahkan,https://p16-oec-sg.ibyteimg.com/tos-alisg-i-aphluv4xwc-sg/0a287a3fc2074e0aa5bd8cabc5c3f10b~tplv-aphluv4xwc-resize-jpeg:800:800.jpeg?dr=15584&t=555f072d&ps=933b5bde&shp=2408c917&shcp=f4c72237&idc=my2&from=604555543,Rp36.999,207.3K,beauty,Moicare Indonesia,Rp5.180,14%,https://shop-id.tokopedia.com/view/product/1729678876513437868?region=ID&locale=en&source=agency,2026-10-01T05:00:54+00:00
1736755585903592824,6,SCARLETT Eau De Parfum & Extrait De Parfum 30ml Wangi Tahan Lama - Wangi Mewah - Parfum,https://p16-oec-sg.ibyteimg.com/tos-alisg-i-aphluv4xwc-sg/893ea76be17d415a91aee9dfe26f44df~tplv-aphluv4xwc-resize-jpeg:800:800.jpeg?dr=15584&t=555f072d&ps=933b5bde&shp=2408c917&shcp=f4c72237&idc=my2&from=604555543,Rp60.900,207.0K,beauty,Scarlett Whitening,Rp3.045,5%,https://shop-id.tokopedia.com/view/product/1736755585903592824?region=ID&locale=en&source=agency,2026-10-01T05:00:54+00:00
1735908192674743655,7,HB Dosting Kuadrat - AA Bericos GSH Body Lotion | Daviena Skincare,https://p16-oec-sg.ibyteimg.com/tos-alisg-i-aphluv4xwc-sg/203976d41aed46ada5f424c69918d059~tplv-aphluv4xwc-resize-jpeg:800:800.jpeg?dr=15584&t=555f072d&ps=933b5bde&shp=2408c917&shcp=f4c72237&idc=my2&from=604555543,Rp85.900,195.7K,beauty,Daviena Skincare Official,Rp8.590,10%,https://shop-id.tokopedia.com/view/product/1735908192674743655?region=ID&locale=en&source=agency,2026-10-01T05:00:54+00:00
1729419906221509377,8,NEW SYB FORTE Red Jelly Serum 20ML With 15% active ingredients untuk mencerahkan kulit wajah,https://p16-oec-sg.ibyteimg.com/tos-alisg-i-aphluv4xwc-sg/22fad1cc6370460695c902558d226fee~tplv-aphluv4xwc-resize-jpeg:800:800.jpeg?dr=15584&t=555f072d&ps=933b5bde&shp=2408c917&shcp=f4c72237&idc=my2&from=604555543,Rp23.750,187.1K,beauty,SYB,Rp1.900,8%,https://shop-id.tokopedia.com/view/product/1729419906221509377?region=ID&locale=en&source=agency,2026-10-01T05:00:54+00:00
1729383034264782330,9,TSA (COD) Gantungan Hook Bulat Polos Tempel Tembok L13-R223 Wall Hook Stiker Dinding Kail,https://p16-oec-sg.ibyteimg.com/tos-alisg-i-aphluv4xwc-sg/0477965da43f4c699dd75d555ac32e3b~tplv-aphluv4xwc-resize-jpeg:800:800.jpeg?dr=15584&t=555f072d&ps=933b5bde&shp=2408c917&shcp=f4c72237&idc=my2&from=604555543,Rp500,185.9K,home,Tokonya Serba Ada,Rp55,11%,https://shop-id.tokopedia.com/view/product/1729383034264782330?region=ID&locale=en&source=agency,2026-10-01T05:00:54+00:00
1735769448425096601,10,sf hijab - hijab airee sport sekolah ped tebal Jersey spandek premium,https://p16-oec-sg.ibyteimg.com/tos-alisg-i-aphluv4xwc-sg/94d0ab885185450caf67a29236070949~tplv-aphluv4xwc-resize-jpeg:800:800.jpeg?dr=15584&t=555f072d&ps=933b5bde&shp=2408c917&shcp=f4c72237&idc=my2&from=604555543,Rp27.000,183.0K,fashion,Sf hijabOfficial,Rp1.890,7%,https://shop-id.tokopedia.com/view/product/1735769448425096601?region=ID&locale=en&source=agency,2026-10-01T05:00:54+00:00
1729427766722726591,11,[BUY 1 BOX GET 2 SABUN] KIME Luminizing Jeju Brightening Soap 100GR | Sabun Mandi Batang,https://p16-oec-sg.ibyteimg.com/tos-alisg-i-aphluv4xwc-sg/b84db1e397da4aefb75d0fe03d734b2a~tplv-aphluv4xwc-resize-jpeg:800:800.jpeg?dr=15584&t=555f072d&ps=933b5bde&shp=2408c917&shcp=f4c72237&idc=my2&from=604555543,Rp24.800,173.9K,beauty,Kime Skincare Shop,Rp2.480,10%,https://shop-id.tokopedia.com/view/product/1729427766722726591?region=ID&locale=en&source=agency,2026-10-01T05:00:54+00:00
1729863618733181659,12,BEAUTY TALK AHA Collagen Body Booster - 100ML Whitening Lotion dengan AHA Collagen untuk,https://p16-oec-sg.ibyteimg.com/tos-alisg-i-aphluv4xwc-sg/acbd0534079146d296be6caffd8974d9~tplv-aphluv4xwc-resize-jpeg:800:800.jpeg?dr=15584&t=555f072d&ps=933b5bde&shp=2408c917&shcp=f4c72237&idc=my2&from=604555543,Rp20.500,170.6K,beauty,Beauty Talk Cosmetic,Rp2.050,10%,https://shop-id.tokopedia.com/view/product/1729863618733181659?region=ID&locale=en&source=agency,2026-10-01T05:00:54+00:00
1729729666541455557,13,CHIYO Makanan Kucing Basah/ Wetfood Cemilan Stik/ Pet Strip Kucing,https://p16-oec-sg.ibyteimg.com/tos-alisg-i-aphluv4xwc-sg/e1d0a830ae6a4258b63dbc6687a7d7f5~tplv-aphluv4xwc-resize-jpeg:800:800.jpeg?dr=15584&t=555f072d&ps=933b5bde&shp=2408c917&shcp=f4c72237&idc=my2&from=604555543,Rp100,167.6K,beauty,Vidici.Emporium,Rp9,9%,https://shop-id.tokopedia.com/view/product/1729729666541455557?region=ID&locale=en&source=agency,2026-10-01T05:00:54+00:00
1734278993587111271,14,Bedak Basah | Perfect Powder Cream 10gr Daviena Skincare,https://p16-oec-sg.ibyteimg.com/tos-alisg-i-aphluv4xwc-sg/ac761e12167b4122b47073e06081272e~tplv-aphluv4xwc-resize-jpeg:800:800.jpeg?dr=15584&t=555f072d&ps=933b5bde&shp=2408c917&shcp=f4c72237&idc=my2&from=604555543,Rp54.900,162.0K,beauty,Daviena Skincare Official,Rp5.490,10%,https://shop-id.tokopedia.com/view/product/1734278993587111271?region=ID&locale=en&source=agency,2026-10-01T05:00:54+00:00
1729759083019405276,15,Miuco - [1 TANGKAI] Artificial Flocking Eucalyptus / Daun Palsu Hijau Dekorasi Florist,https://p16-oec-va.ibyteimg.com/tos-maliva-i-o3syd03w52-us/c834baac384b4a74802a12b319b8e6b8~tplv-o3syd03w52-resize-jpeg:800:800.jpeg?dr=15584&t=555f072d&ps=933b5bde&shp=2408c917&shcp=f4c72237&idc=my2&from=604555543,Rp657,155.6K,beauty,MIUCO INDONESIA,Rp10,2%,https://shop-id.tokopedia.com/view/product/1729759083019405276?region=ID&locale=en&source=agency,2026-10-01T05:00:54+00:00
1733341601830176103,16,Makarizo Hair Energy Fibertherapy Hair & Scalp Creambath 5X Conditioning Royal Jelly,https://p16-oec-sg.ibyteimg.com/tos-alisg-i-aphluv4xwc-sg/949ab0b9d6b5419782a15d1bf2dea569~tplv-aphluv4xwc-resize-jpeg:800:800.jpeg?dr=15584&t=555f072d&ps=933b5bde&shp=2408c917&shcp=f4c72237&idc=my2&from=604555543,Rp27.900,153.4K,beauty,Makarizo,Rp2.232,8%,https://shop-id.tokopedia.com/view/product/1733341601830176103?region=ID&locale=en&source=agency,2026-10-01T05:00:54+00:00
1729584239350876522,17,Krim Kaki Pecah Pecah Azalea Smooth Foot Cream Untuk Tumit Siku Tangan Mengandung Zaitun,https://p16-oec-sg.ibyteimg.com/tos-alisg-i-aphluv4xwc-sg/fea573954d6b4aba87d12e410f45b93b~tplv-aphluv4xwc-resize-jpeg:800:800.jpeg?dr=15584&t=555f072d&ps=933b5bde&shp=2408c917&shcp=f4c72237&idc=my2&from=604555543,Rp23.499,144.7K,beauty,Azalea Beauty,Rp1.410,6%,https://shop-id.tokopedia.com/view/product/1729584239350876522?region=ID&locale=en&source=agency,2026-10-01T05:00:54+00:00
1736468095003297472,18,DIMSUM KEJU CROT MINI ISI 6 - SAOS SAMBAL PEDAS NIKMAT Food Makanan Pentol Ayam Frozen Meat,https://p16-oec-sg.ibyteimg.com/tos-alisg-i-aphluv4xwc-sg/42a71e27c8d54c2e920be5e1cc2a8e51~tplv-aphluv4xwc-resize-jpeg:800:800.jpeg?dr=15584&t=555f072d&ps=933b5bde&shp=2408c917&shcp=f4c72237&idc=my2&from=604555543,Rp19.999,144.6K,food,GUDANG SNACK TGR,Rp1.000,5%,https://shop-id.tokopedia.com/view/product/1736468095003297472?region=ID&locale=en&source=agency,2026-10-01T05:00:54+00:00
1735284037103683165,19,BULU MATA PALSU PEMULA Tanpa Lem Reusable! Natural Banget Buat Daily Look | Anti Alergi,https://p16-oec-sg.ibyteimg.com/tos-alisg-i-aphluv4xwc-sg/a39faa78f2864edd977fb394e67d65fb~tplv-aphluv4xwc-resize-jpeg:800:800.jpeg?dr=15584&t=555f072d&ps=933b5bde&shp=2408c917&shcp=f4c72237&idc=my2&from=604555543,Rp29.900,139.1K,beauty,HOHOISYOU Bulu Mata Palsu,Rp2.990,10%,https://shop-id.tokopedia.com/view/product/1735284037103683165?region=ID&locale=en&source=agency,2026-10-01T05:00:54+00:00
